VistaOrder,SourceFile,Date,CustomerID,Status,ImportedAt
12528,12528.pdf,,,IN_PROGRESS,2026-05-09T04:54:31.571Z
12538,12538.pdf,,,IN_PROGRESS,2026-05-09T04:54:31.571Z
12531,12531.pdf,,,IN_PROGRESS,2026-05-09T04:54:31.571Z
1779,1779.pdf,,,IN_PROGRESS,2026-05-09T04:54:31.571Z
12529,12529.pdf,,,IN_PROGRESS,2026-05-09T04:54:31.571Z
1773,1773.pdf,,,IN_PROGRESS,2026-05-09T04:54:31.571Z
12545,12545.pdf,,,IN_PROGRESS,2026-05-09T04:54:31.571Z
7381718,7381718.pdf,,,IN_PROGRESS,2026-05-09T04:54:31.571Z
791518,791518.pdf,,,IN_PROGRESS,2026-05-09T04:54:31.571Z
791520,791520.pdf,,,IN_PROGRESS,2026-05-09T04:54:31.571Z
791525,791525.pdf,,,IN_PROGRESS,2026-05-09T04:54:31.571Z
791519,791519.pdf,,,IN_PROGRESS,2026-05-09T04:54:31.571Z
791526,791526.pdf,,,IN_PROGRESS,2026-05-09T04:54:31.571Z
12514,12514.pdf,,,IN_PROGRESS,2026-05-09T04:54:31.571Z
791523,791523.pdf,,,IN_PROGRESS,2026-05-09T04:54:31.571Z
791524,791524.pdf,,,IN_PROGRESS,2026-05-09T04:54:31.571Z
791529,791529.pdf,,,IN_PROGRESS,2026-05-09T04:54:31.571Z
791522,791522.pdf,,,IN_PROGRESS,2026-05-09T04:54:31.571Z
791527,791527.pdf,,,IN_PROGRESS,2026-05-09T04:54:31.571Z
791528,791528.pdf,,,IN_PROGRESS,2026-05-09T04:54:31.571Z
791532,791532.pdf,,,IN_PROGRESS,2026-05-09T04:54:31.571Z
791530,791530.pdf,,,IN_PROGRESS,2026-05-09T04:54:31.571Z
791531,791531.pdf,,,IN_PROGRESS,2026-05-09T04:54:31.571Z
791533,791533.pdf,,,IN_PROGRESS,2026-05-09T04:54:31.571Z
791535,791535.pdf,,,IN_PROGRESS,2026-05-09T04:54:31.571Z
791534,791534.pdf,,,IN_PROGRESS,2026-05-09T04:54:31.571Z
791536,791536.pdf,,,IN_PROGRESS,2026-05-09T04:54:31.571Z
791537,791537.pdf,,,IN_PROGRESS,2026-05-09T04:54:31.571Z
791538,791538.pdf,,,IN_PROGRESS,2026-05-09T04:54:31.571Z
791553,791553.pdf,,,IN_PROGRESS,2026-05-09T04:54:31.571Z
791540,791540.pdf,,,IN_PROGRESS,2026-05-09T04:54:31.571Z
791555,791555.pdf,,,IN_PROGRESS,2026-05-09T04:54:31.571Z
791554,791554.pdf,,,IN_PROGRESS,2026-05-09T04:54:31.571Z
791579,791579.pdf,,,IN_PROGRESS,2026-05-09T04:54:31.571Z
791578,791578.pdf,,,IN_PROGRESS,2026-05-09T04:54:31.571Z
791594,791594.pdf,,,IN_PROGRESS,2026-05-09T04:54:31.571Z
791606,791606.pdf,,,IN_PROGRESS,2026-05-09T04:54:31.571Z
791607,791607.pdf,,,IN_PROGRESS,2026-05-09T04:54:31.571Z
791588,791588.pdf,,,IN_PROGRESS,2026-05-09T04:54:31.571Z
791619,791619.pdf,,,IN_PROGRESS,2026-05-09T04:54:31.571Z
791622,791622.pdf,,,IN_PROGRESS,2026-05-09T04:54:31.571Z
791623,791623.pdf,,,IN_PROGRESS,2026-05-09T04:54:31.571Z
791624,791624.pdf,,,IN_PROGRESS,2026-05-09T04:54:31.571Z
791625,791625.pdf,,,IN_PROGRESS,2026-05-09T04:54:31.571Z
791631,791631.pdf,,,IN_PROGRESS,2026-05-09T04:54:31.571Z
791633,791633.pdf,,,IN_PROGRESS,2026-05-09T04:54:31.571Z
791634,791634.pdf,,,IN_PROGRESS,2026-05-09T04:54:31.571Z
791639,791639.pdf,,,IN_PROGRESS,2026-05-09T04:54:31.571Z
791640,791640.pdf,,,IN_PROGRESS,2026-05-09T04:54:31.571Z
791626,791626.pdf,,,IN_PROGRESS,2026-05-09T04:54:31.571Z
791648,791648.pdf,,,IN_PROGRESS,2026-05-09T04:54:31.571Z
791641,791641.pdf,,,IN_PROGRESS,2026-05-09T04:54:31.571Z
791652,791652.pdf,,,IN_PROGRESS,2026-05-09T04:54:31.571Z
791653,791653.pdf,,,IN_PROGRESS,2026-05-09T04:54:31.571Z
791650,791650.pdf,,,IN_PROGRESS,2026-05-09T04:54:31.571Z
791657,791657.pdf,,,IN_PROGRESS,2026-05-09T04:54:31.571Z
791660,791660.pdf,,,IN_PROGRESS,2026-05-09T04:54:31.571Z
791661,791661.pdf,,,IN_PROGRESS,2026-05-09T04:54:31.571Z
791659,791659.pdf,,,IN_PROGRESS,2026-05-09T04:54:31.571Z
791658,791658.pdf,,,IN_PROGRESS,2026-05-09T04:54:31.571Z
791662,791662.pdf,,,IN_PROGRESS,2026-05-09T04:54:31.571Z
791663,791663.pdf,,,IN_PROGRESS,2026-05-09T04:54:31.571Z
791666,791666.pdf,,,IN_PROGRESS,2026-05-09T04:54:31.571Z
791665,791665.pdf,,,IN_PROGRESS,2026-05-09T04:54:31.571Z
791668,791668.pdf,,,IN_PROGRESS,2026-05-09T04:54:31.571Z
791667,791667.pdf,,,IN_PROGRESS,2026-05-09T04:54:31.571Z
791669,791669.pdf,,,IN_PROGRESS,2026-05-09T04:54:31.571Z
791675,791675.pdf,,,IN_PROGRESS,2026-05-09T04:54:31.571Z
791672,791672.pdf,,,IN_PROGRESS,2026-05-09T04:54:31.571Z
791664,791664.pdf,,,IN_PROGRESS,2026-05-09T04:54:31.571Z
791674,791674.pdf,,,IN_PROGRESS,2026-05-09T04:54:31.571Z
791673,791673.pdf,,,IN_PROGRESS,2026-05-09T04:54:31.571Z
791677,791677.pdf,,,IN_PROGRESS,2026-05-09T04:54:31.571Z
791670,791670.pdf,,,IN_PROGRESS,2026-05-09T04:54:31.571Z
791676,791676.pdf,,,IN_PROGRESS,2026-05-09T04:54:31.571Z
791678,791678.pdf,,,IN_PROGRESS,2026-05-09T04:54:31.571Z
791681,791681.pdf,,,IN_PROGRESS,2026-05-09T04:54:31.571Z
791683,791683.pdf,,,IN_PROGRESS,2026-05-09T04:54:31.571Z
791679,791679.pdf,,,IN_PROGRESS,2026-05-09T04:54:31.571Z
791680,791680.pdf,,,IN_PROGRESS,2026-05-09T04:54:31.571Z
791684,791684.pdf,,,IN_PROGRESS,2026-05-09T04:54:31.571Z
791685,791685.pdf,,,IN_PROGRESS,2026-05-09T04:54:31.571Z
791687,791687.pdf,,,IN_PROGRESS,2026-05-09T04:54:31.571Z
791688,791688.pdf,,,IN_PROGRESS,2026-05-09T04:54:31.571Z
791689,791689.pdf,,,IN_PROGRESS,2026-05-09T04:54:31.571Z
791690,791690.pdf,,,IN_PROGRESS,2026-05-09T04:54:31.571Z
791691,791691.pdf,,,IN_PROGRESS,2026-05-09T04:54:31.571Z
791693,791693.pdf,,,IN_PROGRESS,2026-05-09T04:54:31.571Z
791696,791696.pdf,,,IN_PROGRESS,2026-05-09T04:54:31.571Z
791694,791694.pdf,,,IN_PROGRESS,2026-05-09T04:54:31.571Z
791695,791695.pdf,,,IN_PROGRESS,2026-05-09T04:54:31.571Z
791697,791697.pdf,,,IN_PROGRESS,2026-05-09T04:54:31.571Z
791698,791698.pdf,,,IN_PROGRESS,2026-05-09T04:54:31.571Z
791718,791718.pdf,,,IN_PROGRESS,2026-05-09T04:54:31.571Z
791719,791719.pdf,,,IN_PROGRESS,2026-05-09T04:54:31.571Z
791701,791701.pdf,,,IN_PROGRESS,2026-05-09T04:54:31.571Z
791709,791709.pdf,,,IN_PROGRESS,2026-05-09T04:54:31.571Z
791721,791721.pdf,,,IN_PROGRESS,2026-05-09T04:54:31.571Z
791720,791720.pdf,,,IN_PROGRESS,2026-05-09T04:54:31.571Z
791730,791730.pdf,,,IN_PROGRESS,2026-05-09T04:54:31.587Z
791731,791731.pdf,,,IN_PROGRESS,2026-05-09T04:54:31.587Z
791746,791746.pdf,,,IN_PROGRESS,2026-05-09T04:54:31.587Z
791747,791747.pdf,,,IN_PROGRESS,2026-05-09T04:54:31.587Z
791750,791750.pdf,,,IN_PROGRESS,2026-05-09T04:54:31.587Z
791755,791755.pdf,,,IN_PROGRESS,2026-05-09T04:54:31.587Z
791752,791752.pdf,,,IN_PROGRESS,2026-05-09T04:54:31.587Z
791753,791753.pdf,,,IN_PROGRESS,2026-05-09T04:54:31.587Z
791756,791756.pdf,,,IN_PROGRESS,2026-05-09T04:54:31.587Z
791748,791748.pdf,,,IN_PROGRESS,2026-05-09T04:54:31.587Z
791761,791761.pdf,,,IN_PROGRESS,2026-05-09T04:54:31.587Z
791757,791757.pdf,,,IN_PROGRESS,2026-05-09T04:54:31.587Z
791762,791762.pdf,,,IN_PROGRESS,2026-05-09T04:54:31.587Z
791758,791758.pdf,,,IN_PROGRESS,2026-05-09T04:54:31.587Z
791780,791780.pdf,,,IN_PROGRESS,2026-05-09T04:54:31.587Z
791763,791763.pdf,,,IN_PROGRESS,2026-05-09T04:54:31.587Z
791764,791764.pdf,,,IN_PROGRESS,2026-05-09T04:54:31.587Z
791781,791781.pdf,,,IN_PROGRESS,2026-05-09T04:54:31.587Z
791784,791784.pdf,,,IN_PROGRESS,2026-05-09T04:54:31.587Z
791786,791786.pdf,,,IN_PROGRESS,2026-05-09T04:54:31.587Z
791787,791787.pdf,,,IN_PROGRESS,2026-05-09T04:54:31.587Z
791788,791788.pdf,,,IN_PROGRESS,2026-05-09T04:54:31.587Z
791789,791789.pdf,,,IN_PROGRESS,2026-05-09T04:54:31.587Z
791791,791791.pdf,,,IN_PROGRESS,2026-05-09T04:54:31.587Z
791792,791792.pdf,,,IN_PROGRESS,2026-05-09T04:54:31.587Z
791793,791793.pdf,,,IN_PROGRESS,2026-05-09T04:54:31.587Z
791795,791795.pdf,,,IN_PROGRESS,2026-05-09T04:54:31.587Z
791797,791797.pdf,,,IN_PROGRESS,2026-05-09T04:54:31.587Z
791798,791798.pdf,,,IN_PROGRESS,2026-05-09T04:54:31.587Z
791799,791799.pdf,,,IN_PROGRESS,2026-05-09T04:54:31.587Z
791800,791800.pdf,,,IN_PROGRESS,2026-05-09T04:54:31.587Z
791801,791801.pdf,,,IN_PROGRESS,2026-05-09T04:54:31.587Z
791802,791802.pdf,,,IN_PROGRESS,2026-05-09T04:54:31.587Z
791804,791804.pdf,,,IN_PROGRESS,2026-05-09T04:54:31.587Z
791803,791803.pdf,,,IN_PROGRESS,2026-05-09T04:54:31.587Z
791806,791806.pdf,,,IN_PROGRESS,2026-05-09T04:54:31.587Z
791805,791805.pdf,,,IN_PROGRESS,2026-05-09T04:54:31.588Z
791808,791808.pdf,,,IN_PROGRESS,2026-05-09T04:54:31.588Z
791809,791809.pdf,,,IN_PROGRESS,2026-05-09T04:54:31.588Z
791813,791813.pdf,,,IN_PROGRESS,2026-05-09T04:54:31.588Z
791812,791812.pdf,,,IN_PROGRESS,2026-05-09T04:54:31.588Z
791815,791815.pdf,,,IN_PROGRESS,2026-05-09T04:54:31.588Z
791814,791814.pdf,,,IN_PROGRESS,2026-05-09T04:54:31.588Z
791816,791816.pdf,,,IN_PROGRESS,2026-05-09T04:54:31.588Z
791818,791818.pdf,,,IN_PROGRESS,2026-05-09T04:54:31.588Z
791819,791819.pdf,,,IN_PROGRESS,2026-05-09T04:54:31.588Z
791821,791821.pdf,,,IN_PROGRESS,2026-05-09T04:54:31.588Z
791820,791820.pdf,,,IN_PROGRESS,2026-05-09T04:54:31.588Z
791822,791822.pdf,,,IN_PROGRESS,2026-05-09T04:54:31.588Z
791824,791824.pdf,,,IN_PROGRESS,2026-05-09T04:54:31.588Z
791823,791823.pdf,,,IN_PROGRESS,2026-05-09T04:54:31.588Z
791825,791825.pdf,,,IN_PROGRESS,2026-05-09T04:54:31.588Z
791827,791827.pdf,,,IN_PROGRESS,2026-05-09T04:54:31.588Z
791826,791826.pdf,,,IN_PROGRESS,2026-05-09T04:54:31.588Z
791828,791828.pdf,,,IN_PROGRESS,2026-05-09T04:54:31.588Z
791830,791830.pdf,,,IN_PROGRESS,2026-05-09T04:54:31.588Z
791831,791831.pdf,,,IN_PROGRESS,2026-05-09T04:54:31.588Z
791832,791832.pdf,,,IN_PROGRESS,2026-05-09T04:54:31.588Z
791834,791834.pdf,,,IN_PROGRESS,2026-05-09T04:54:31.588Z
791836,791836.pdf,,,IN_PROGRESS,2026-05-09T04:54:31.588Z
791833,791833.pdf,,,IN_PROGRESS,2026-05-09T04:54:31.588Z
791838,791838.pdf,,,IN_PROGRESS,2026-05-09T04:54:31.588Z
791835,791835.pdf,,,IN_PROGRESS,2026-05-09T04:54:31.588Z
791841,791841.pdf,,,IN_PROGRESS,2026-05-09T04:54:31.588Z
791837,791837.pdf,,,IN_PROGRESS,2026-05-09T04:54:31.588Z
791848,791848.pdf,,,IN_PROGRESS,2026-05-09T04:54:31.588Z
791842,791842.pdf,,,IN_PROGRESS,2026-05-09T04:54:31.588Z
791857,791857.pdf,,,IN_PROGRESS,2026-05-09T04:54:31.588Z
791855,791855.pdf,,,IN_PROGRESS,2026-05-09T04:54:31.588Z
791864,791864.pdf,,,IN_PROGRESS,2026-05-09T04:54:31.588Z
791878,791878.pdf,,,IN_PROGRESS,2026-05-09T04:54:31.588Z
791880,791880.pdf,,,IN_PROGRESS,2026-05-09T04:54:31.588Z
791888,791888.pdf,,,IN_PROGRESS,2026-05-09T04:54:31.588Z
791865,791865.pdf,,,IN_PROGRESS,2026-05-09T04:54:31.588Z
791886,791886.pdf,,,IN_PROGRESS,2026-05-09T04:54:31.588Z
791879,791879.pdf,,,IN_PROGRESS,2026-05-09T04:54:31.588Z
791890,791890.pdf,,,IN_PROGRESS,2026-05-09T04:54:31.588Z
791891,791891.pdf,,,IN_PROGRESS,2026-05-09T04:54:31.588Z
791900,791900.pdf,,,IN_PROGRESS,2026-05-09T04:54:31.588Z
791907,791907.pdf,,,IN_PROGRESS,2026-05-09T04:54:31.588Z
791893,791893.pdf,,,IN_PROGRESS,2026-05-09T04:54:31.588Z
791898,791898.pdf,,,IN_PROGRESS,2026-05-09T04:54:31.588Z
791910,791910.pdf,,,IN_PROGRESS,2026-05-09T04:54:31.588Z
791909,791909.pdf,,,IN_PROGRESS,2026-05-09T04:54:31.588Z
791912,791912.pdf,,,IN_PROGRESS,2026-05-09T04:54:31.588Z
791916,791916.pdf,,,IN_PROGRESS,2026-05-09T04:54:31.588Z
791925,791925.pdf,,,IN_PROGRESS,2026-05-09T04:54:31.588Z
791922,791922.pdf,,,IN_PROGRESS,2026-05-09T04:54:31.588Z
791928,791928.pdf,,,IN_PROGRESS,2026-05-09T04:54:31.588Z
791926,791926.pdf,,,IN_PROGRESS,2026-05-09T04:54:31.588Z
791921,791921.pdf,,,IN_PROGRESS,2026-05-09T04:54:31.588Z
791929,791929.pdf,,,IN_PROGRESS,2026-05-09T04:54:31.588Z
791930,791930.pdf,,,IN_PROGRESS,2026-05-09T04:54:31.588Z
791934,791934.pdf,,,IN_PROGRESS,2026-05-09T04:54:31.588Z
791937,791937.pdf,,,IN_PROGRESS,2026-05-09T04:54:31.588Z
791931,791931.pdf,,,IN_PROGRESS,2026-05-09T04:54:31.588Z
791933,791933.pdf,,,IN_PROGRESS,2026-05-09T04:54:31.588Z
791938,791938.pdf,,,IN_PROGRESS,2026-05-09T04:54:31.588Z
791935,791935.pdf,,,IN_PROGRESS,2026-05-09T04:54:31.588Z
791936,791936.pdf,,,IN_PROGRESS,2026-05-09T04:54:31.588Z
791943,791943.pdf,,,IN_PROGRESS,2026-05-09T04:54:31.604Z
791939,791939.pdf,,,IN_PROGRESS,2026-05-09T04:54:31.604Z
791941,791941.pdf,,,IN_PROGRESS,2026-05-09T04:54:31.604Z
791944,791944.pdf,,,IN_PROGRESS,2026-05-09T04:54:31.604Z
791945,791945.pdf,,,IN_PROGRESS,2026-05-09T04:54:31.604Z
791946,791946.pdf,,,IN_PROGRESS,2026-05-09T04:54:31.604Z
791948,791948.pdf,,,IN_PROGRESS,2026-05-09T04:54:31.604Z
791947,791947.pdf,,,IN_PROGRESS,2026-05-09T04:54:31.604Z
791949,791949.pdf,,,IN_PROGRESS,2026-05-09T04:54:31.604Z
791950,791950.pdf,,,IN_PROGRESS,2026-05-09T04:54:31.604Z
791951,791951.pdf,,,IN_PROGRESS,2026-05-09T04:54:31.604Z
791952,791952.pdf,,,IN_PROGRESS,2026-05-09T04:54:31.604Z
791956,791956.pdf,,,IN_PROGRESS,2026-05-09T04:54:31.604Z
791953,791953.pdf,,,IN_PROGRESS,2026-05-09T04:54:31.604Z
791955,791955.pdf,,,IN_PROGRESS,2026-05-09T04:54:31.604Z
791954,791954.pdf,,,IN_PROGRESS,2026-05-09T04:54:31.604Z
791965,791965.pdf,,,IN_PROGRESS,2026-05-09T04:54:31.604Z
791964,791964.pdf,,,IN_PROGRESS,2026-05-09T04:54:31.604Z
791967,791967.pdf,,,IN_PROGRESS,2026-05-09T04:54:31.604Z
791966,791966.pdf,,,IN_PROGRESS,2026-05-09T04:54:31.604Z
791968,791968.pdf,,,IN_PROGRESS,2026-05-09T04:54:31.604Z
791969,791969.pdf,,,IN_PROGRESS,2026-05-09T04:54:31.604Z
791970,791970.pdf,,,IN_PROGRESS,2026-05-09T04:54:31.604Z
791971,791971.pdf,,,IN_PROGRESS,2026-05-09T04:54:31.604Z
791972,791972.pdf,,,IN_PROGRESS,2026-05-09T04:54:31.604Z
791973,791973.pdf,,,IN_PROGRESS,2026-05-09T04:54:31.604Z
791974,791974.pdf,,,IN_PROGRESS,2026-05-09T04:54:31.604Z
791976,791976.pdf,,,IN_PROGRESS,2026-05-09T04:54:31.604Z
791975,791975.pdf,,,IN_PROGRESS,2026-05-09T04:54:31.604Z
791977,791977.pdf,,,IN_PROGRESS,2026-05-09T04:54:31.604Z
791979,791979.pdf,,,IN_PROGRESS,2026-05-09T04:54:31.604Z
791980,791980.pdf,,,IN_PROGRESS,2026-05-09T04:54:31.604Z
791978,791978.pdf,,,IN_PROGRESS,2026-05-09T04:54:31.604Z
791982,791982.pdf,,,IN_PROGRESS,2026-05-09T04:54:31.604Z
791981,791981.pdf,,,IN_PROGRESS,2026-05-09T04:54:31.604Z
791984,791984.pdf,,,IN_PROGRESS,2026-05-09T04:54:31.604Z
791983,791983.pdf,,,IN_PROGRESS,2026-05-09T04:54:31.604Z
791994,791994.pdf,,,IN_PROGRESS,2026-05-09T04:54:31.604Z
792005,792005.pdf,,,IN_PROGRESS,2026-05-09T04:54:31.604Z
792006,792006.pdf,,,IN_PROGRESS,2026-05-09T04:54:31.604Z
791985,791985.pdf,,,IN_PROGRESS,2026-05-09T04:54:31.604Z
791996,791996.pdf,,,IN_PROGRESS,2026-05-09T04:54:31.604Z
792004,792004.pdf,,,IN_PROGRESS,2026-05-09T04:54:31.604Z
792007,792007.pdf,,,IN_PROGRESS,2026-05-09T04:54:31.604Z
792008,792008.pdf,,,IN_PROGRESS,2026-05-09T04:54:31.604Z
792009,792009.pdf,,,IN_PROGRESS,2026-05-09T04:54:31.604Z
792010,792010.pdf,,,IN_PROGRESS,2026-05-09T04:54:31.604Z
792011,792011.pdf,,,IN_PROGRESS,2026-05-09T04:54:31.604Z
792017,792017.pdf,,,IN_PROGRESS,2026-05-09T04:54:31.604Z
792019,792019.pdf,,,IN_PROGRESS,2026-05-09T04:54:31.604Z
792021,792021.pdf,,,IN_PROGRESS,2026-05-09T04:54:31.604Z
792031,792031.pdf,,,IN_PROGRESS,2026-05-09T04:54:31.604Z
792022,792022.pdf,,,IN_PROGRESS,2026-05-09T04:54:31.604Z
792045,792045.pdf,,,IN_PROGRESS,2026-05-09T04:54:31.604Z
792047,792047.pdf,,,IN_PROGRESS,2026-05-09T04:54:31.604Z
792034,792034.pdf,,,IN_PROGRESS,2026-05-09T04:54:31.604Z
792051,792051.pdf,,,IN_PROGRESS,2026-05-09T04:54:31.604Z
792048,792048.pdf,,,IN_PROGRESS,2026-05-09T04:54:31.604Z
792050,792050.pdf,,,IN_PROGRESS,2026-05-09T04:54:31.604Z
792049,792049.pdf,,,IN_PROGRESS,2026-05-09T04:54:31.604Z
792054,792054.pdf,,,IN_PROGRESS,2026-05-09T04:54:31.604Z
792056,792056.pdf,,,IN_PROGRESS,2026-05-09T04:54:31.604Z
792055,792055.pdf,,,IN_PROGRESS,2026-05-09T04:54:31.604Z
792057,792057.pdf,,,IN_PROGRESS,2026-05-09T04:54:31.604Z
792059,792059.pdf,,,IN_PROGRESS,2026-05-09T04:54:31.604Z
792060,792060.pdf,,,IN_PROGRESS,2026-05-09T04:54:31.604Z
792062,792062.pdf,,,IN_PROGRESS,2026-05-09T04:54:31.604Z
792082,792082.pdf,,,IN_PROGRESS,2026-05-09T04:54:31.604Z
792083,792083.pdf,,,IN_PROGRESS,2026-05-09T04:54:31.604Z
792071,792071.pdf,,,IN_PROGRESS,2026-05-09T04:54:31.604Z
792085,792085.pdf,,,IN_PROGRESS,2026-05-09T04:54:31.604Z
792080,792080.pdf,,,IN_PROGRESS,2026-05-09T04:54:31.604Z
792084,792084.pdf,,,IN_PROGRESS,2026-05-09T04:54:31.604Z
792088,792088.pdf,,,IN_PROGRESS,2026-05-09T04:54:31.604Z
792089,792089.pdf,,,IN_PROGRESS,2026-05-09T04:54:31.604Z
792092,792092.pdf,,,IN_PROGRESS,2026-05-09T04:54:31.604Z
792090,792090.pdf,,,IN_PROGRESS,2026-05-09T04:54:31.604Z
792093,792093.pdf,,,IN_PROGRESS,2026-05-09T04:54:31.604Z
792091,792091.pdf,,,IN_PROGRESS,2026-05-09T04:54:31.604Z
792094,792094.pdf,,,IN_PROGRESS,2026-05-09T04:54:31.604Z
792095,792095.pdf,,,IN_PROGRESS,2026-05-09T04:54:31.604Z
792096,792096.pdf,,,IN_PROGRESS,2026-05-09T04:54:31.604Z
792098,792098.pdf,,,IN_PROGRESS,2026-05-09T04:54:31.604Z
792099,792099.pdf,,,IN_PROGRESS,2026-05-09T04:54:31.604Z
792102,792102.pdf,,,IN_PROGRESS,2026-05-09T04:54:31.604Z
792101,792101.pdf,,,IN_PROGRESS,2026-05-09T04:54:31.604Z
792097,792097.pdf,,,IN_PROGRESS,2026-05-09T04:54:31.604Z
792103,792103.pdf,,,IN_PROGRESS,2026-05-09T04:54:31.604Z
792104,792104.pdf,,,IN_PROGRESS,2026-05-09T04:54:31.604Z
792108,792108.pdf,,,IN_PROGRESS,2026-05-09T04:54:31.604Z
792106,792106.pdf,,,IN_PROGRESS,2026-05-09T04:54:31.604Z
792107,792107.pdf,,,IN_PROGRESS,2026-05-09T04:54:31.604Z
792111,792111.pdf,,,IN_PROGRESS,2026-05-09T04:54:31.604Z
792110,792110.pdf,,,IN_PROGRESS,2026-05-09T04:54:31.604Z
792109,792109.pdf,,,IN_PROGRESS,2026-05-09T04:54:31.604Z
792113,792113.pdf,,,IN_PROGRESS,2026-05-09T04:54:31.604Z
792112,792112.pdf,,,IN_PROGRESS,2026-05-09T04:54:31.604Z
792116,792116.pdf,,,IN_PROGRESS,2026-05-09T04:54:31.604Z
792115,792115.pdf,,,IN_PROGRESS,2026-05-09T04:54:31.604Z
792117,792117.pdf,,,IN_PROGRESS,2026-05-09T04:54:31.604Z
792118,792118.pdf,,,IN_PROGRESS,2026-05-09T04:54:31.621Z
792119,792119.pdf,,,IN_PROGRESS,2026-05-09T04:54:31.621Z
792121,792121.pdf,,,IN_PROGRESS,2026-05-09T04:54:31.621Z
792120,792120.pdf,,,IN_PROGRESS,2026-05-09T04:54:31.621Z
792123,792123.pdf,,,IN_PROGRESS,2026-05-09T04:54:31.621Z
792124,792124.pdf,,,IN_PROGRESS,2026-05-09T04:54:31.621Z
792122,792122.pdf,,,IN_PROGRESS,2026-05-09T04:54:31.621Z
792125,792125.pdf,,,IN_PROGRESS,2026-05-09T04:54:31.621Z
792126,792126.pdf,,,IN_PROGRESS,2026-05-09T04:54:31.621Z
792128,792128.pdf,,,IN_PROGRESS,2026-05-09T04:54:31.621Z
792129,792129.pdf,,,IN_PROGRESS,2026-05-09T04:54:31.621Z
792127,792127.pdf,,,IN_PROGRESS,2026-05-09T04:54:31.621Z
792132,792132.pdf,,,IN_PROGRESS,2026-05-09T04:54:31.621Z
792133,792133.pdf,,,IN_PROGRESS,2026-05-09T04:54:31.621Z
792146,792146.pdf,,,IN_PROGRESS,2026-05-09T04:54:31.621Z
792135,792135.pdf,,,IN_PROGRESS,2026-05-09T04:54:31.621Z
792130,792130.pdf,,,IN_PROGRESS,2026-05-09T04:54:31.621Z
792153,792153.pdf,,,IN_PROGRESS,2026-05-09T04:54:31.621Z
792156,792156.pdf,,,IN_PROGRESS,2026-05-09T04:54:31.621Z
792154,792154.pdf,,,IN_PROGRESS,2026-05-09T04:54:31.621Z
792157,792157.pdf,,,IN_PROGRESS,2026-05-09T04:54:31.621Z
792155,792155.pdf,,,IN_PROGRESS,2026-05-09T04:54:31.621Z
792159,792159.pdf,,,IN_PROGRESS,2026-05-09T04:54:31.621Z
792160,792160.pdf,,,IN_PROGRESS,2026-05-09T04:54:31.621Z
792162,792162.pdf,,,IN_PROGRESS,2026-05-09T04:54:31.621Z
792163,792163.pdf,,,IN_PROGRESS,2026-05-09T04:54:31.621Z
792164,792164.pdf,,,IN_PROGRESS,2026-05-09T04:54:31.621Z
792166,792166.pdf,,,IN_PROGRESS,2026-05-09T04:54:31.621Z
792165,792165.pdf,,,IN_PROGRESS,2026-05-09T04:54:31.621Z
792168,792168.pdf,,,IN_PROGRESS,2026-05-09T04:54:31.621Z
792169,792169.pdf,,,IN_PROGRESS,2026-05-09T04:54:31.621Z
792167,792167.pdf,,,IN_PROGRESS,2026-05-09T04:54:31.621Z
792170,792170.pdf,,,IN_PROGRESS,2026-05-09T04:54:31.621Z
792171,792171.pdf,,,IN_PROGRESS,2026-05-09T04:54:31.621Z
792172,792172.pdf,,,IN_PROGRESS,2026-05-09T04:54:31.621Z
792173,792173.pdf,,,IN_PROGRESS,2026-05-09T04:54:31.621Z
792175,792175.pdf,,,IN_PROGRESS,2026-05-09T04:54:31.621Z
792174,792174.pdf,,,IN_PROGRESS,2026-05-09T04:54:31.621Z
792180,792180.pdf,,,IN_PROGRESS,2026-05-09T04:54:31.621Z
792184,792184.pdf,,,IN_PROGRESS,2026-05-09T04:54:31.621Z
792181,792181.pdf,,,IN_PROGRESS,2026-05-09T04:54:31.621Z
792185,792185.pdf,,,IN_PROGRESS,2026-05-09T04:54:31.621Z
792191,792191.pdf,,,IN_PROGRESS,2026-05-09T04:54:31.621Z
792186,792186.pdf,,,IN_PROGRESS,2026-05-09T04:54:31.621Z
792199,792199.pdf,,,IN_PROGRESS,2026-05-09T04:54:31.621Z
792227,792227.pdf,,,IN_PROGRESS,2026-05-09T04:54:31.621Z
792237,792237.pdf,,,IN_PROGRESS,2026-05-09T04:54:31.621Z
792238,792238.pdf,,,IN_PROGRESS,2026-05-09T04:54:31.621Z
792239,792239.pdf,,,IN_PROGRESS,2026-05-09T04:54:31.621Z
792241,792241.pdf,,,IN_PROGRESS,2026-05-09T04:54:31.621Z
792242,792242.pdf,,,IN_PROGRESS,2026-05-09T04:54:31.621Z
792243,792243.pdf,,,IN_PROGRESS,2026-05-09T04:54:31.621Z
792244,792244.pdf,,,IN_PROGRESS,2026-05-09T04:54:31.621Z
792247,792247.pdf,,,IN_PROGRESS,2026-05-09T04:54:31.621Z
792245,792245.pdf,,,IN_PROGRESS,2026-05-09T04:54:31.621Z
792246,792246.pdf,,,IN_PROGRESS,2026-05-09T04:54:31.621Z
792252,792252.pdf,,,IN_PROGRESS,2026-05-09T04:54:31.621Z
792251,792251.pdf,,,IN_PROGRESS,2026-05-09T04:54:31.621Z
792253,792253.pdf,,,IN_PROGRESS,2026-05-09T04:54:31.621Z
792255,792255.pdf,,,IN_PROGRESS,2026-05-09T04:54:31.621Z
792258,792258.pdf,,,IN_PROGRESS,2026-05-09T04:54:31.621Z
792256,792256.pdf,,,IN_PROGRESS,2026-05-09T04:54:31.621Z
792257,792257.pdf,,,IN_PROGRESS,2026-05-09T04:54:31.621Z
792259,792259.pdf,,,IN_PROGRESS,2026-05-09T04:54:31.621Z
792277,792277.pdf,,,IN_PROGRESS,2026-05-09T04:54:31.621Z
792278,792278.pdf,,,IN_PROGRESS,2026-05-09T04:54:31.621Z
792266,792266.pdf,,,IN_PROGRESS,2026-05-09T04:54:31.621Z
792279,792279.pdf,,,IN_PROGRESS,2026-05-09T04:54:31.621Z
792280,792280.pdf,,,IN_PROGRESS,2026-05-09T04:54:31.621Z
792281,792281.pdf,,,IN_PROGRESS,2026-05-09T04:54:31.621Z
792282,792282.pdf,,,IN_PROGRESS,2026-05-09T04:54:31.621Z
792283,792283.pdf,,,IN_PROGRESS,2026-05-09T04:54:31.621Z
792287,792287.pdf,,,IN_PROGRESS,2026-05-09T04:54:31.621Z
792285,792285.pdf,,,IN_PROGRESS,2026-05-09T04:54:31.621Z
792284,792284.pdf,,,IN_PROGRESS,2026-05-09T04:54:31.621Z
792289,792289.pdf,,,IN_PROGRESS,2026-05-09T04:54:31.621Z
792288,792288.pdf,,,IN_PROGRESS,2026-05-09T04:54:31.621Z
792292,792292.pdf,,,IN_PROGRESS,2026-05-09T04:54:31.621Z
792296,792296.pdf,,,IN_PROGRESS,2026-05-09T04:54:31.621Z
792291,792291.pdf,,,IN_PROGRESS,2026-05-09T04:54:31.621Z
792293,792293.pdf,,,IN_PROGRESS,2026-05-09T04:54:31.621Z
792295,792295.pdf,,,IN_PROGRESS,2026-05-09T04:54:31.621Z
792298,792298.pdf,,,IN_PROGRESS,2026-05-09T04:54:31.621Z
792300,792300.pdf,,,IN_PROGRESS,2026-05-09T04:54:31.621Z
792306,792306.pdf,,,IN_PROGRESS,2026-05-09T04:54:31.621Z
792302,792302.pdf,,,IN_PROGRESS,2026-05-09T04:54:31.621Z
792308,792308.pdf,,,IN_PROGRESS,2026-05-09T04:54:31.621Z
792309,792309.pdf,,,IN_PROGRESS,2026-05-09T04:54:31.621Z
792310,792310.pdf,,,IN_PROGRESS,2026-05-09T04:54:31.621Z
792311,792311.pdf,,,IN_PROGRESS,2026-05-09T04:54:31.621Z
792316,792316.pdf,,,IN_PROGRESS,2026-05-09T04:54:31.621Z
792317,792317.pdf,,,IN_PROGRESS,2026-05-09T04:54:31.621Z
792321,792321.pdf,,,IN_PROGRESS,2026-05-09T04:54:31.621Z
792318,792318.pdf,,,IN_PROGRESS,2026-05-09T04:54:31.621Z
792322,792322.pdf,,,IN_PROGRESS,2026-05-09T04:54:31.621Z
792324,792324.pdf,,,IN_PROGRESS,2026-05-09T04:54:31.621Z
792323,792323.pdf,,,IN_PROGRESS,2026-05-09T04:54:31.621Z
792325,792325.pdf,,,IN_PROGRESS,2026-05-09T04:54:31.621Z
792340,792340.pdf,,,IN_PROGRESS,2026-05-09T04:54:31.621Z
792326,792326.pdf,,,IN_PROGRESS,2026-05-09T04:54:31.621Z
792346,792346.pdf,,,IN_PROGRESS,2026-05-09T04:54:31.639Z
792370,792370.pdf,,,IN_PROGRESS,2026-05-09T04:54:31.639Z
792347,792347.pdf,,,IN_PROGRESS,2026-05-09T04:54:31.639Z
792351,792351.pdf,,,IN_PROGRESS,2026-05-09T04:54:31.639Z
792372,792372.pdf,,,IN_PROGRESS,2026-05-09T04:54:31.639Z
792371,792371.pdf,,,IN_PROGRESS,2026-05-09T04:54:31.639Z
792365,792365.pdf,,,IN_PROGRESS,2026-05-09T04:54:31.639Z
792389,792389.pdf,,,IN_PROGRESS,2026-05-09T04:54:31.639Z
792378,792378.pdf,,,IN_PROGRESS,2026-05-09T04:54:31.639Z
792386,792386.pdf,,,IN_PROGRESS,2026-05-09T04:54:31.639Z
792390,792390.pdf,,,IN_PROGRESS,2026-05-09T04:54:31.639Z
792388,792388.pdf,,,IN_PROGRESS,2026-05-09T04:54:31.639Z
792391,792391.pdf,,,IN_PROGRESS,2026-05-09T04:54:31.639Z
792392,792392.pdf,,,IN_PROGRESS,2026-05-09T04:54:31.639Z
792393,792393.pdf,,,IN_PROGRESS,2026-05-09T04:54:31.639Z
792394,792394.pdf,,,IN_PROGRESS,2026-05-09T04:54:31.639Z
792399,792399.pdf,,,IN_PROGRESS,2026-05-09T04:54:31.639Z
792398,792398.pdf,,,IN_PROGRESS,2026-05-09T04:54:31.639Z
792400,792400.pdf,,,IN_PROGRESS,2026-05-09T04:54:31.639Z
792403,792403.pdf,,,IN_PROGRESS,2026-05-09T04:54:31.639Z
792405,792405.pdf,,,IN_PROGRESS,2026-05-09T04:54:31.639Z
792413,792413.pdf,,,IN_PROGRESS,2026-05-09T04:54:31.639Z
792416,792416.pdf,,,IN_PROGRESS,2026-05-09T04:54:31.639Z
792417,792417.pdf,,,IN_PROGRESS,2026-05-09T04:54:31.639Z
792412,792412.pdf,,,IN_PROGRESS,2026-05-09T04:54:31.639Z
792414,792414.pdf,,,IN_PROGRESS,2026-05-09T04:54:31.639Z
792418,792418.pdf,,,IN_PROGRESS,2026-05-09T04:54:31.639Z
792420,792420.pdf,,,IN_PROGRESS,2026-05-09T04:54:31.639Z
792419,792419.pdf,,,IN_PROGRESS,2026-05-09T04:54:31.639Z
792421,792421.pdf,,,IN_PROGRESS,2026-05-09T04:54:31.639Z
792422,792422.pdf,,,IN_PROGRESS,2026-05-09T04:54:31.639Z
792423,792423.pdf,,,IN_PROGRESS,2026-05-09T04:54:31.639Z
792425,792425.pdf,,,IN_PROGRESS,2026-05-09T04:54:31.639Z
792426,792426.pdf,,,IN_PROGRESS,2026-05-09T04:54:31.639Z
792428,792428.pdf,,,IN_PROGRESS,2026-05-09T04:54:31.639Z
792427,792427.pdf,,,IN_PROGRESS,2026-05-09T04:54:31.639Z
792429,792429.pdf,,,IN_PROGRESS,2026-05-09T04:54:31.639Z
792431,792431.pdf,,,IN_PROGRESS,2026-05-09T04:54:31.639Z
792432,792432.pdf,,,IN_PROGRESS,2026-05-09T04:54:31.639Z
792434,792434.pdf,,,IN_PROGRESS,2026-05-09T04:54:31.639Z
792430,792430.pdf,,,IN_PROGRESS,2026-05-09T04:54:31.639Z
792433,792433.pdf,,,IN_PROGRESS,2026-05-09T04:54:31.639Z
792435,792435.pdf,,,IN_PROGRESS,2026-05-09T04:54:31.639Z
792437,792437.pdf,,,IN_PROGRESS,2026-05-09T04:54:31.639Z
792436,792436.pdf,,,IN_PROGRESS,2026-05-09T04:54:31.639Z
792438,792438.pdf,,,IN_PROGRESS,2026-05-09T04:54:31.639Z
792442,792442.pdf,,,IN_PROGRESS,2026-05-09T04:54:31.639Z
792439,792439.pdf,,,IN_PROGRESS,2026-05-09T04:54:31.639Z
792441,792441.pdf,,,IN_PROGRESS,2026-05-09T04:54:31.639Z
792445,792445.pdf,,,IN_PROGRESS,2026-05-09T04:54:31.639Z
792446,792446.pdf,,,IN_PROGRESS,2026-05-09T04:54:31.639Z
792443,792443.pdf,,,IN_PROGRESS,2026-05-09T04:54:31.639Z
792444,792444.pdf,,,IN_PROGRESS,2026-05-09T04:54:31.639Z
792448,792448.pdf,,,IN_PROGRESS,2026-05-09T04:54:31.639Z
792447,792447.pdf,,,IN_PROGRESS,2026-05-09T04:54:31.639Z
792449,792449.pdf,,,IN_PROGRESS,2026-05-09T04:54:31.639Z
792450,792450.pdf,,,IN_PROGRESS,2026-05-09T04:54:31.639Z
792451,792451.pdf,,,IN_PROGRESS,2026-05-09T04:54:31.639Z
792452,792452.pdf,,,IN_PROGRESS,2026-05-09T04:54:31.639Z
792457,792457.pdf,,,IN_PROGRESS,2026-05-09T04:54:31.639Z
792453,792453.pdf,,,IN_PROGRESS,2026-05-09T04:54:31.639Z
792454,792454.pdf,,,IN_PROGRESS,2026-05-09T04:54:31.639Z
792456,792456.pdf,,,IN_PROGRESS,2026-05-09T04:54:31.639Z
792458,792458.pdf,,,IN_PROGRESS,2026-05-09T04:54:31.639Z
792460,792460.pdf,,,IN_PROGRESS,2026-05-09T04:54:31.639Z
792476,792476.pdf,,,IN_PROGRESS,2026-05-09T04:54:31.639Z
792459,792459.pdf,,,IN_PROGRESS,2026-05-09T04:54:31.639Z
792480,792480.pdf,,,IN_PROGRESS,2026-05-09T04:54:31.639Z
792461,792461.pdf,,,IN_PROGRESS,2026-05-09T04:54:31.639Z
792481,792481.pdf,,,IN_PROGRESS,2026-05-09T04:54:31.639Z
792482,792482.pdf,,,IN_PROGRESS,2026-05-09T04:54:31.639Z
792462,792462.pdf,,,IN_PROGRESS,2026-05-09T04:54:31.639Z
792483,792483.pdf,,,IN_PROGRESS,2026-05-09T04:54:31.639Z
792485,792485.pdf,,,IN_PROGRESS,2026-05-09T04:54:31.639Z
792486,792486.pdf,,,IN_PROGRESS,2026-05-09T04:54:31.639Z
792487,792487.pdf,,,IN_PROGRESS,2026-05-09T04:54:31.639Z
792490,792490.pdf,,,IN_PROGRESS,2026-05-09T04:54:31.639Z
792491,792491.pdf,,,IN_PROGRESS,2026-05-09T04:54:31.639Z
792492,792492.pdf,,,IN_PROGRESS,2026-05-09T04:54:31.639Z
792496,792496.pdf,,,IN_PROGRESS,2026-05-09T04:54:31.639Z
792495,792495.pdf,,,IN_PROGRESS,2026-05-09T04:54:31.639Z
792499,792499.pdf,,,IN_PROGRESS,2026-05-09T04:54:31.639Z
792509,792509.pdf,,,IN_PROGRESS,2026-05-09T04:54:31.639Z
792497,792497.pdf,,,IN_PROGRESS,2026-05-09T04:54:31.639Z
792504,792504.pdf,,,IN_PROGRESS,2026-05-09T04:54:31.639Z
792511,792511.pdf,,,IN_PROGRESS,2026-05-09T04:54:31.639Z
792508,792508.pdf,,,IN_PROGRESS,2026-05-09T04:54:31.639Z
792514,792514.pdf,,,IN_PROGRESS,2026-05-09T04:54:31.639Z
792513,792513.pdf,,,IN_PROGRESS,2026-05-09T04:54:31.639Z
792517,792517.pdf,,,IN_PROGRESS,2026-05-09T04:54:31.639Z
792521,792521.pdf,,,IN_PROGRESS,2026-05-09T04:54:31.639Z
792522,792522.pdf,,,IN_PROGRESS,2026-05-09T04:54:31.639Z
792520,792520.pdf,,,IN_PROGRESS,2026-05-09T04:54:31.639Z
792523,792523.pdf,,,IN_PROGRESS,2026-05-09T04:54:31.639Z
792524,792524.pdf,,,IN_PROGRESS,2026-05-09T04:54:31.639Z
792537,792537.pdf,,,IN_PROGRESS,2026-05-09T04:54:31.639Z
792541,792541.pdf,,,IN_PROGRESS,2026-05-09T04:54:31.639Z
792542,792542.pdf,,,IN_PROGRESS,2026-05-09T04:54:31.639Z
792538,792538.pdf,,,IN_PROGRESS,2026-05-09T04:54:31.639Z
792540,792540.pdf,,,IN_PROGRESS,2026-05-09T04:54:31.639Z
792543,792543.pdf,,,IN_PROGRESS,2026-05-09T04:54:31.656Z
792545,792545.pdf,,,IN_PROGRESS,2026-05-09T04:54:31.656Z
792544,792544.pdf,,,IN_PROGRESS,2026-05-09T04:54:31.656Z
792547,792547.pdf,,,IN_PROGRESS,2026-05-09T04:54:31.656Z
792550,792550.pdf,,,IN_PROGRESS,2026-05-09T04:54:31.656Z
792548,792548.pdf,,,IN_PROGRESS,2026-05-09T04:54:31.656Z
792546,792546.pdf,,,IN_PROGRESS,2026-05-09T04:54:31.656Z
792551,792551.pdf,,,IN_PROGRESS,2026-05-09T04:54:31.656Z
792565,792565.pdf,,,IN_PROGRESS,2026-05-09T04:54:31.656Z
792554,792554.pdf,,,IN_PROGRESS,2026-05-09T04:54:31.656Z
792566,792566.pdf,,,IN_PROGRESS,2026-05-09T04:54:31.656Z
792570,792570.pdf,,,IN_PROGRESS,2026-05-09T04:54:31.656Z
792569,792569.pdf,,,IN_PROGRESS,2026-05-09T04:54:31.656Z
792568,792568.pdf,,,IN_PROGRESS,2026-05-09T04:54:31.656Z
792573,792573.pdf,,,IN_PROGRESS,2026-05-09T04:54:31.656Z
792575,792575.pdf,,,IN_PROGRESS,2026-05-09T04:54:31.656Z
792574,792574.pdf,,,IN_PROGRESS,2026-05-09T04:54:31.656Z
792576,792576.pdf,,,IN_PROGRESS,2026-05-09T04:54:31.656Z
792577,792577.pdf,,,IN_PROGRESS,2026-05-09T04:54:31.656Z
792579,792579.pdf,,,IN_PROGRESS,2026-05-09T04:54:31.656Z
792578,792578.pdf,,,IN_PROGRESS,2026-05-09T04:54:31.656Z
792581,792581.pdf,,,IN_PROGRESS,2026-05-09T04:54:31.656Z
792580,792580.pdf,,,IN_PROGRESS,2026-05-09T04:54:31.656Z
792583,792583.pdf,,,IN_PROGRESS,2026-05-09T04:54:31.656Z
792586,792586.pdf,,,IN_PROGRESS,2026-05-09T04:54:31.656Z
792582,792582.pdf,,,IN_PROGRESS,2026-05-09T04:54:31.656Z
792587,792587.pdf,,,IN_PROGRESS,2026-05-09T04:54:31.656Z
792584,792584.pdf,,,IN_PROGRESS,2026-05-09T04:54:31.656Z
792585,792585.pdf,,,IN_PROGRESS,2026-05-09T04:54:31.656Z
792588,792588.pdf,,,IN_PROGRESS,2026-05-09T04:54:31.656Z
792589,792589.pdf,,,IN_PROGRESS,2026-05-09T04:54:31.656Z
792597,792597.pdf,,,IN_PROGRESS,2026-05-09T04:54:31.656Z
792596,792596.pdf,,,IN_PROGRESS,2026-05-09T04:54:31.656Z
792595,792595.pdf,,,IN_PROGRESS,2026-05-09T04:54:31.656Z
792599,792599.pdf,,,IN_PROGRESS,2026-05-09T04:54:31.656Z
792598,792598.pdf,,,IN_PROGRESS,2026-05-09T04:54:31.656Z
792600,792600.pdf,,,IN_PROGRESS,2026-05-09T04:54:31.656Z
792602,792602.pdf,,,IN_PROGRESS,2026-05-09T04:54:31.656Z
792604,792604.pdf,,,IN_PROGRESS,2026-05-09T04:54:31.656Z
792601,792601.pdf,,,IN_PROGRESS,2026-05-09T04:54:31.656Z
792603,792603.pdf,,,IN_PROGRESS,2026-05-09T04:54:31.656Z
792607,792607.pdf,,,IN_PROGRESS,2026-05-09T04:54:31.656Z
792605,792605.pdf,,,IN_PROGRESS,2026-05-09T04:54:31.656Z
792606,792606.pdf,,,IN_PROGRESS,2026-05-09T04:54:31.656Z
792609,792609.pdf,,,IN_PROGRESS,2026-05-09T04:54:31.656Z
792610,792610.pdf,,,IN_PROGRESS,2026-05-09T04:54:31.656Z
792611,792611.pdf,,,IN_PROGRESS,2026-05-09T04:54:31.656Z
792612,792612.pdf,,,IN_PROGRESS,2026-05-09T04:54:31.656Z
792613,792613.pdf,,,IN_PROGRESS,2026-05-09T04:54:31.656Z
792615,792615.pdf,,,IN_PROGRESS,2026-05-09T04:54:31.656Z
792614,792614.pdf,,,IN_PROGRESS,2026-05-09T04:54:31.656Z
792616,792616.pdf,,,IN_PROGRESS,2026-05-09T04:54:31.656Z
792618,792618.pdf,,,IN_PROGRESS,2026-05-09T04:54:31.656Z
792619,792619.pdf,,,IN_PROGRESS,2026-05-09T04:54:31.656Z
792617,792617.pdf,,,IN_PROGRESS,2026-05-09T04:54:31.656Z
792621,792621.pdf,,,IN_PROGRESS,2026-05-09T04:54:31.656Z
792622,792622.pdf,,,IN_PROGRESS,2026-05-09T04:54:31.656Z
792624,792624.pdf,,,IN_PROGRESS,2026-05-09T04:54:31.656Z
792620,792620.pdf,,,IN_PROGRESS,2026-05-09T04:54:31.656Z
792632,792632.pdf,,,IN_PROGRESS,2026-05-09T04:54:31.656Z
792626,792626.pdf,,,IN_PROGRESS,2026-05-09T04:54:31.656Z
792625,792625.pdf,,,IN_PROGRESS,2026-05-09T04:54:31.656Z
792630,792630.pdf,,,IN_PROGRESS,2026-05-09T04:54:31.656Z
792627,792627.pdf,,,IN_PROGRESS,2026-05-09T04:54:31.656Z
792631,792631.pdf,,,IN_PROGRESS,2026-05-09T04:54:31.656Z
792628,792628.pdf,,,IN_PROGRESS,2026-05-09T04:54:31.656Z
792644,792644.pdf,,,IN_PROGRESS,2026-05-09T04:54:31.656Z
792645,792645.pdf,,,IN_PROGRESS,2026-05-09T04:54:31.656Z
792648,792648.pdf,,,IN_PROGRESS,2026-05-09T04:54:31.656Z
792650,792650.pdf,,,IN_PROGRESS,2026-05-09T04:54:31.656Z
792652,792652.pdf,,,IN_PROGRESS,2026-05-09T04:54:31.656Z
792653,792653.pdf,,,IN_PROGRESS,2026-05-09T04:54:31.656Z
792654,792654.pdf,,,IN_PROGRESS,2026-05-09T04:54:31.656Z
792694,792694.pdf,,,IN_PROGRESS,2026-05-09T04:54:31.656Z
792655,792655.pdf,,,IN_PROGRESS,2026-05-09T04:54:31.656Z
792693,792693.pdf,,,IN_PROGRESS,2026-05-09T04:54:31.656Z
792697,792697.pdf,,,IN_PROGRESS,2026-05-09T04:54:31.656Z
792695,792695.pdf,,,IN_PROGRESS,2026-05-09T04:54:31.656Z
792696,792696.pdf,,,IN_PROGRESS,2026-05-09T04:54:31.656Z
792699,792699.pdf,,,IN_PROGRESS,2026-05-09T04:54:31.656Z
792701,792701.pdf,,,IN_PROGRESS,2026-05-09T04:54:31.656Z
792700,792700.pdf,,,IN_PROGRESS,2026-05-09T04:54:31.656Z
792706,792706.pdf,,,IN_PROGRESS,2026-05-09T04:54:31.656Z
792702,792702.pdf,,,IN_PROGRESS,2026-05-09T04:54:31.656Z
792703,792703.pdf,,,IN_PROGRESS,2026-05-09T04:54:31.656Z
792705,792705.pdf,,,IN_PROGRESS,2026-05-09T04:54:31.656Z
792714,792714.pdf,,,IN_PROGRESS,2026-05-09T04:54:31.656Z
792710,792710.pdf,,,IN_PROGRESS,2026-05-09T04:54:31.656Z
792713,792713.pdf,,,IN_PROGRESS,2026-05-09T04:54:31.656Z
792717,792717.pdf,,,IN_PROGRESS,2026-05-09T04:54:31.656Z
792718,792718.pdf,,,IN_PROGRESS,2026-05-09T04:54:31.656Z
792721,792721.pdf,,,IN_PROGRESS,2026-05-09T04:54:31.656Z
792722,792722.pdf,,,IN_PROGRESS,2026-05-09T04:54:31.656Z
792723,792723.pdf,,,IN_PROGRESS,2026-05-09T04:54:31.656Z
792725,792725.pdf,,,IN_PROGRESS,2026-05-09T04:54:31.656Z
792724,792724.pdf,,,IN_PROGRESS,2026-05-09T04:54:31.656Z
792728,792728.pdf,,,IN_PROGRESS,2026-05-09T04:54:31.656Z
792733,792733.pdf,,,IN_PROGRESS,2026-05-09T04:54:31.656Z
792731,792731.pdf,,,IN_PROGRESS,2026-05-09T04:54:31.656Z
792734,792734.pdf,,,IN_PROGRESS,2026-05-09T04:54:31.656Z
792735,792735.pdf,,,IN_PROGRESS,2026-05-09T04:54:31.673Z
792737,792737.pdf,,,IN_PROGRESS,2026-05-09T04:54:31.673Z
792738,792738.pdf,,,IN_PROGRESS,2026-05-09T04:54:31.673Z
792742,792742.pdf,,,IN_PROGRESS,2026-05-09T04:54:31.673Z
792740,792740.pdf,,,IN_PROGRESS,2026-05-09T04:54:31.673Z
792741,792741.pdf,,,IN_PROGRESS,2026-05-09T04:54:31.673Z
792744,792744.pdf,,,IN_PROGRESS,2026-05-09T04:54:31.673Z
792743,792743.pdf,,,IN_PROGRESS,2026-05-09T04:54:31.673Z
792745,792745.pdf,,,IN_PROGRESS,2026-05-09T04:54:31.673Z
792746,792746.pdf,,,IN_PROGRESS,2026-05-09T04:54:31.673Z
792747,792747.pdf,,,IN_PROGRESS,2026-05-09T04:54:31.673Z
792749,792749.pdf,,,IN_PROGRESS,2026-05-09T04:54:31.673Z
792751,792751.pdf,,,IN_PROGRESS,2026-05-09T04:54:31.673Z
792750,792750.pdf,,,IN_PROGRESS,2026-05-09T04:54:31.673Z
792752,792752.pdf,,,IN_PROGRESS,2026-05-09T04:54:31.673Z
792753,792753.pdf,,,IN_PROGRESS,2026-05-09T04:54:31.673Z
792756,792756.pdf,,,IN_PROGRESS,2026-05-09T04:54:31.673Z
792755,792755.pdf,,,IN_PROGRESS,2026-05-09T04:54:31.673Z
792754,792754.pdf,,,IN_PROGRESS,2026-05-09T04:54:31.673Z
792757,792757.pdf,,,IN_PROGRESS,2026-05-09T04:54:31.673Z
792759,792759.pdf,,,IN_PROGRESS,2026-05-09T04:54:31.673Z
792760,792760.pdf,,,IN_PROGRESS,2026-05-09T04:54:31.673Z
792761,792761.pdf,,,IN_PROGRESS,2026-05-09T04:54:31.673Z
792763,792763.pdf,,,IN_PROGRESS,2026-05-09T04:54:31.673Z
792764,792764.pdf,,,IN_PROGRESS,2026-05-09T04:54:31.673Z
792766,792766.pdf,,,IN_PROGRESS,2026-05-09T04:54:31.673Z
792769,792769.pdf,,,IN_PROGRESS,2026-05-09T04:54:31.673Z
792765,792765.pdf,,,IN_PROGRESS,2026-05-09T04:54:31.673Z
792767,792767.pdf,,,IN_PROGRESS,2026-05-09T04:54:31.673Z
792770,792770.pdf,,,IN_PROGRESS,2026-05-09T04:54:31.673Z
792771,792771.pdf,,,IN_PROGRESS,2026-05-09T04:54:31.673Z
792775,792775.pdf,,,IN_PROGRESS,2026-05-09T04:54:31.673Z
792786,792786.pdf,,,IN_PROGRESS,2026-05-09T04:54:31.673Z
792772,792772.pdf,,,IN_PROGRESS,2026-05-09T04:54:31.673Z
792773,792773.pdf,,,IN_PROGRESS,2026-05-09T04:54:31.673Z
792785,792785.pdf,,,IN_PROGRESS,2026-05-09T04:54:31.673Z
792799,792799.pdf,,,IN_PROGRESS,2026-05-09T04:54:31.673Z
792788,792788.pdf,,,IN_PROGRESS,2026-05-09T04:54:31.673Z
792791,792791.pdf,,,IN_PROGRESS,2026-05-09T04:54:31.673Z
792806,792806.pdf,,,IN_PROGRESS,2026-05-09T04:54:31.673Z
792809,792809.pdf,,,IN_PROGRESS,2026-05-09T04:54:31.673Z
792807,792807.pdf,,,IN_PROGRESS,2026-05-09T04:54:31.673Z
792808,792808.pdf,,,IN_PROGRESS,2026-05-09T04:54:31.673Z
792811,792811.pdf,,,IN_PROGRESS,2026-05-09T04:54:31.673Z
792813,792813.pdf,,,IN_PROGRESS,2026-05-09T04:54:31.673Z
792828,792828.pdf,,,IN_PROGRESS,2026-05-09T04:54:31.673Z
792819,792819.pdf,,,IN_PROGRESS,2026-05-09T04:54:31.673Z
792829,792829.pdf,,,IN_PROGRESS,2026-05-09T04:54:31.673Z
792826,792826.pdf,,,IN_PROGRESS,2026-05-09T04:54:31.673Z
792830,792830.pdf,,,IN_PROGRESS,2026-05-09T04:54:31.673Z
792833,792833.pdf,,,IN_PROGRESS,2026-05-09T04:54:31.673Z
792835,792835.pdf,,,IN_PROGRESS,2026-05-09T04:54:31.673Z
792834,792834.pdf,,,IN_PROGRESS,2026-05-09T04:54:31.673Z
792837,792837.pdf,,,IN_PROGRESS,2026-05-09T04:54:31.673Z
792838,792838.pdf,,,IN_PROGRESS,2026-05-09T04:54:31.673Z
792839,792839.pdf,,,IN_PROGRESS,2026-05-09T04:54:31.673Z
792843,792843.pdf,,,IN_PROGRESS,2026-05-09T04:54:31.673Z
792845,792845.pdf,,,IN_PROGRESS,2026-05-09T04:54:31.673Z
792847,792847.pdf,,,IN_PROGRESS,2026-05-09T04:54:31.673Z
792864,792864.pdf,,,IN_PROGRESS,2026-05-09T04:54:31.673Z
792867,792867.pdf,,,IN_PROGRESS,2026-05-09T04:54:31.673Z
792870,792870.pdf,,,IN_PROGRESS,2026-05-09T04:54:31.673Z
792865,792865.pdf,,,IN_PROGRESS,2026-05-09T04:54:31.673Z
792868,792868.pdf,,,IN_PROGRESS,2026-05-09T04:54:31.673Z
792869,792869.pdf,,,IN_PROGRESS,2026-05-09T04:54:31.673Z
792871,792871.pdf,,,IN_PROGRESS,2026-05-09T04:54:31.673Z
792872,792872.pdf,,,IN_PROGRESS,2026-05-09T04:54:31.673Z
792873,792873.pdf,,,IN_PROGRESS,2026-05-09T04:54:31.673Z
792877,792877.pdf,,,IN_PROGRESS,2026-05-09T04:54:31.673Z
792878,792878.pdf,,,IN_PROGRESS,2026-05-09T04:54:31.673Z
792879,792879.pdf,,,IN_PROGRESS,2026-05-09T04:54:31.673Z
792876,792876.pdf,,,IN_PROGRESS,2026-05-09T04:54:31.673Z
792883,792883.pdf,,,IN_PROGRESS,2026-05-09T04:54:31.673Z
792884,792884.pdf,,,IN_PROGRESS,2026-05-09T04:54:31.673Z
792885,792885.pdf,,,IN_PROGRESS,2026-05-09T04:54:31.673Z
792886,792886.pdf,,,IN_PROGRESS,2026-05-09T04:54:31.673Z
792888,792888.pdf,,,IN_PROGRESS,2026-05-09T04:54:31.673Z
792887,792887.pdf,,,IN_PROGRESS,2026-05-09T04:54:31.673Z
792889,792889.pdf,,,IN_PROGRESS,2026-05-09T04:54:31.673Z
792890,792890.pdf,,,IN_PROGRESS,2026-05-09T04:54:31.673Z
792891,792891.pdf,,,IN_PROGRESS,2026-05-09T04:54:31.673Z
792894,792894.pdf,,,IN_PROGRESS,2026-05-09T04:54:31.673Z
792892,792892.pdf,,,IN_PROGRESS,2026-05-09T04:54:31.673Z
792893,792893.pdf,,,IN_PROGRESS,2026-05-09T04:54:31.673Z
792899,792899.pdf,,,IN_PROGRESS,2026-05-09T04:54:31.673Z
792895,792895.pdf,,,IN_PROGRESS,2026-05-09T04:54:31.673Z
792896,792896.pdf,,,IN_PROGRESS,2026-05-09T04:54:31.673Z
792897,792897.pdf,,,IN_PROGRESS,2026-05-09T04:54:31.673Z
792898,792898.pdf,,,IN_PROGRESS,2026-05-09T04:54:31.673Z
792901,792901.pdf,,,IN_PROGRESS,2026-05-09T04:54:31.673Z
792902,792902.pdf,,,IN_PROGRESS,2026-05-09T04:54:31.673Z
7929,7929.pdf,,,IN_PROGRESS,2026-05-09T04:54:31.673Z
792900,792900.pdf,,,IN_PROGRESS,2026-05-09T04:54:31.673Z
792904,792904.pdf,,,IN_PROGRESS,2026-05-09T04:54:31.673Z
792908,792908.pdf,,,IN_PROGRESS,2026-05-09T04:54:31.673Z
792906,792906.pdf,,,IN_PROGRESS,2026-05-09T04:54:31.673Z
792907,792907.pdf,,,IN_PROGRESS,2026-05-09T04:54:31.673Z
792909,792909.pdf,,,IN_PROGRESS,2026-05-09T04:54:31.673Z
792903,792903.pdf,,,IN_PROGRESS,2026-05-09T04:54:31.673Z
792910,792910.pdf,,,IN_PROGRESS,2026-05-09T04:54:31.673Z
792911,792911.pdf,,,IN_PROGRESS,2026-05-09T04:54:31.675Z
792914,792914.pdf,,,IN_PROGRESS,2026-05-09T04:54:31.675Z
792912,792912.pdf,,,IN_PROGRESS,2026-05-09T04:54:31.675Z
792917,792917.pdf,,,IN_PROGRESS,2026-05-09T04:54:31.675Z
792916,792916.pdf,,,IN_PROGRESS,2026-05-09T04:54:31.675Z
792915,792915.pdf,,,IN_PROGRESS,2026-05-09T04:54:31.675Z
792918,792918.pdf,,,IN_PROGRESS,2026-05-09T04:54:31.675Z
792919,792919.pdf,,,IN_PROGRESS,2026-05-09T04:54:31.675Z
792920,792920.pdf,,,IN_PROGRESS,2026-05-09T04:54:31.675Z
792921,792921.pdf,,,IN_PROGRESS,2026-05-09T04:54:31.675Z
792922,792922.pdf,,,IN_PROGRESS,2026-05-09T04:54:31.675Z
792923,792923.pdf,,,IN_PROGRESS,2026-05-09T04:54:31.675Z
792924,792924.pdf,,,IN_PROGRESS,2026-05-09T04:54:31.675Z
792928,792928.pdf,,,IN_PROGRESS,2026-05-09T04:54:31.675Z
792925,792925.pdf,,,IN_PROGRESS,2026-05-09T04:54:31.675Z
792927,792927.pdf,,,IN_PROGRESS,2026-05-09T04:54:31.675Z
792934,792934.pdf,,,IN_PROGRESS,2026-05-09T04:54:31.675Z
792930,792930.pdf,,,IN_PROGRESS,2026-05-09T04:54:31.675Z
792935,792935.pdf,,,IN_PROGRESS,2026-05-09T04:54:31.675Z
792933,792933.pdf,,,IN_PROGRESS,2026-05-09T04:54:31.675Z
792932,792932.pdf,,,IN_PROGRESS,2026-05-09T04:54:31.675Z
792936,792936.pdf,,,IN_PROGRESS,2026-05-09T04:54:31.675Z
